{
  "group_labels": [
    "",
    "",
    "",
    "",
    "",
    "",
    "",
    "",
    "",
    "",
    "",
    "",
    "",
    "",
    "",
    "",
    "",
    "",
    "",
    "",
    "",
    "",
    "",
    "",
    "",
    "",
    "",
    "",
    "",
    "",
    "",
    "",
    "",
    "",
    "",
    ""
  ],
  "group_counts": [
    2372,
    22,
    0,
    4,
    101,
    9,
    13,
    2141,
    4,
    20,
    105,
    16,
    0,
    1,
    427,
    1,
    26,
    8,
    8,
    11,
    3,
    2186,
    41,
    23,
    23,
    27,
    1,
    35,
    4368,
    46,
    3,
    51,
    0,
    17,
    94,
    2163
  ],
  "group_percentages": [
    0.16507,
    0.00153,
    0.0,
    0.00028,
    0.00703,
    0.00063,
    0.0009,
    0.14899,
    0.00028,
    0.00139,
    0.00731,
    0.00111,
    0.0,
    7e-05,
    0.02971,
    7e-05,
    0.00181,
    0.00056,
    0.00056,
    0.00077,
    0.00021,
    0.15212,
    0.00285,
    0.0016,
    0.0016,
    0.00188,
    7e-05,
    0.00244,
    0.30397,
    0.0032,
    0.00021,
    0.00355,
    0.0,
    0.00118,
    0.00654,
    0.15052
  ],
  "stats": {
    "accuracy": 0.95038
  }
}