{
  "overall_accuracy": 0.95038,
  "classification_report": "              precision    recall  f1-score   support\n\n         0.0       0.98      0.95      0.96      2508\n         1.0       0.95      0.93      0.94      2299\n         2.0       0.98      0.92      0.95       463\n         3.0       0.97      0.96      0.96      2272\n         4.0       0.92      0.97      0.95      4500\n         5.0       0.95      0.93      0.94      2328\n\n    accuracy                           0.95     14370\n   macro avg       0.96      0.94      0.95     14370\nweighted avg       0.95      0.95      0.95     14370\n",
  "micro_performance_metrics": {
    "precision": 0.95038,
    "recall": 0.95038,
    "f1_score": 0.95038
  },
  "macro_performance_metrics": {
    "precision": 0.95932,
    "recall": 0.94354,
    "f1_score": 0.95107
  },
  "weighted_performance_metrics": {
    "precision": 0.95112,
    "recall": 0.95038,
    "f1_score": 0.95043
  }
}