{
  "0": [
    0.7185007974481659,
    0.7874800637958532,
    0.8289473684210527,
    0.8472886762360446,
    0.879585326953748,
    0.9003189792663477,
    0.914274322169059,
    0.9266347687400319,
    0.937799043062201,
    0.9457735247208932
  ],
  "1": [
    0.4449760765550239,
    0.644193127446716,
    0.7133536320139191,
    0.7890387124836885,
    0.8286211396259243,
    0.8677685950413223,
    0.8934319269247499,
    0.9056111352762071,
    0.9173553719008265,
    0.9312744671596346
  ],
  "2": [
    0.48812095032397407,
    0.6436285097192225,
    0.7365010799136069,
    0.7840172786177105,
    0.8228941684665226,
    0.8509719222462203,
    0.8725701943844493,
    0.8898488120950324,
    0.9028077753779697,
    0.9222462203023758
  ],
  "3": [
    0.5915492957746479,
    0.7297535211267606,
    0.8058978873239436,
    0.8648767605633803,
    0.9009683098591549,
    0.9264964788732394,
    0.9414612676056338,
    0.9546654929577465,
    0.960387323943662,
    0.9621478873239436
  ],
  "4": [
    0.756,
    0.866,
    0.8982222222222223,
    0.9095555555555556,
    0.9293333333333333,
    0.9473333333333334,
    0.9544444444444444,
    0.9597777777777777,
    0.9673333333333334,
    0.9706666666666667
  ],
  "5": [
    0.6490549828178694,
    0.7465635738831615,
    0.7865120274914089,
    0.8148625429553265,
    0.8518041237113402,
    0.8762886597938144,
    0.8917525773195877,
    0.9115120274914089,
    0.9196735395189003,
    0.9291237113402062
  ]
}