{
  "plot_step": 45,
  "hist": [
    3,
    74,
    0,
    35,
    29,
    0,
    146,
    13657,
    0,
    114,
    69,
    0,
    117,
    117,
    9
  ],
  "edges": [
    -5.0,
    -4.333333492279053,
    -3.6666667461395264,
    -3.0,
    -2.3333332538604736,
    -1.6666666269302368,
    -1.0,
    -0.3333333432674408,
    0.3333333432674408,
    1.0,
    1.6666666269302368,
    2.3333332538604736,
    3.0,
    3.6666667461395264,
    4.333333492279053,
    5.0
  ],
  "x": [
    -5.0,
    -4.795918367346939,
    -4.591836734693878,
    -4.387755102040816,
    -4.183673469387755,
    -3.979591836734694,
    -3.7755102040816326,
    -3.571428571428571,
    -3.36734693877551,
    -3.163265306122449,
    -2.9591836734693877,
    -2.7551020408163263,
    -2.5510204081632653,
    -2.3469387755102042,
    -2.142857142857143,
    -1.9387755102040813,
    -1.7346938775510203,
    -1.5306122448979593,
    -1.3265306122448979,
    -1.1224489795918364,
    -0.9183673469387754,
    -0.7142857142857144,
    -0.5102040816326525,
    -0.3061224489795915,
    -0.1020408163265305,
    0.1020408163265305,
    0.3061224489795915,
    0.5102040816326534,
    0.7142857142857144,
    0.9183673469387754,
    1.1224489795918373,
    1.3265306122448983,
    1.5306122448979593,
    1.7346938775510203,
    1.9387755102040813,
    2.1428571428571432,
    2.3469387755102042,
    2.5510204081632653,
    2.755102040816327,
    2.959183673469388,
    3.163265306122449,
    3.36734693877551,
    3.571428571428571,
    3.775510204081632,
    3.979591836734695,
    4.183673469387756,
    4.387755102040817,
    4.591836734693878,
    4.795918367346939,
    5.0
  ],
  "mu": 0.03452000021934509,
  "sigma": 0.6106699705123901
}